INSERT INTO project (projectId, actualPhase, projectDescription, projectDueDate, projectName, projectPlannedDate) VALUES (1, 0, 'Administracion de proyectos de software', NOW(), 'BM', NOW());

UPDATE project SET actualPhase=1 WHERE projectId=1;

INSERT INTO user_t (userName, email, fullName, password, passwordRecoveryExpiration, passwordRecoveryTicket, permissions) VALUES ('ecampos', 'lalo@lalo.com', 'Eduardo Campos', 'ecampos', NULL, NULL, 10);
INSERT INTO user_t (userName, email, fullName, password, passwordRecoveryExpiration, passwordRecoveryTicket, permissions) VALUES ('mrangel', 'marco@marco.com', 'Marco Rangel', 'mrangel', NULL, NULL, 10);
INSERT INTO user_t (userName, email, fullName, password, passwordRecoveryExpiration, passwordRecoveryTicket, permissions) VALUES ('hgarcia', 'buho@buho.com', 'Humberto Garcia', 'hgarcia', NULL, NULL, 10);
INSERT INTO user_t (userName, email, fullName, password, passwordRecoveryExpiration, passwordRecoveryTicket, permissions) VALUES ('omondragon', 'oscar@oscar.com', 'Oscar Mondragon', 'omondragon', NULL, NULL, 20);

INSERT INTO phase (phaseId, phaseDescription, phaseName, phaseType, projectOrder, project_projectId) VALUES (1, 'Requirements Phase', 'Requirements', 0, 1, 1);
INSERT INTO phase (phaseId, phaseDescription, phaseName, phaseType, projectOrder, project_projectId) VALUES (2, 'Design Phase', 'Design', 1, 2, 1);
INSERT INTO phase (phaseId, phaseDescription, phaseName, phaseType, projectOrder, project_projectId) VALUES (3, 'Coding Phase', 'Coding', 2, 3, 1);
INSERT INTO phase (phaseId, phaseDescription, phaseName, phaseType, projectOrder, project_projectId) VALUES (4, 'Coding Review', 'Coding Review', 3, 4, 1);
INSERT INTO phase (phaseId, phaseDescription, phaseName, phaseType, projectOrder, project_projectId) VALUES (5, 'Testing Phase', 'Testing', 4, 5, 1);
INSERT INTO phase (phaseId, phaseDescription, phaseName, phaseType, projectOrder, project_projectId) VALUES (6, 'Maintenance Phase', 'Maintenance', 5, 6, 1);

INSERT INTO task (taskId, estimatedHours, investedHours, remainingHours, endDate, startDate, taskDescription, taskName, taskSize, taskState, taskType, assignedUser_userName, phase_phaseId, project_projectId) VALUES (1, 10, 5, 5, NOW(), NOW(), 'Análisis de Requerimientos', 'Análisis de Requerimientos', 100, 1, 0, 'hgarcia', 3, 1);
INSERT INTO task (taskId, estimatedHours, investedHours, remainingHours, endDate, startDate, taskDescription, taskName, taskSize, taskState, taskType, assignedUser_userName, phase_phaseId, project_projectId) VALUES (2, 20, 5, 15, NOW(), NOW(), 'Codificacion', 'Codificacion 1', 300, 1, 0, 'mrangel', 3, 1);
INSERT INTO task (taskId, estimatedHours, investedHours, remainingHours, endDate, startDate, taskDescription, taskName, taskSize, taskState, taskType, assignedUser_userName, phase_phaseId, project_projectId) VALUES (3, 20, 0, 0, NOW(), NOW(), 'Codificacion', 'Codificacion 2', 300, 2, 0, 'ecampos', 3, 1);
INSERT INTO task (taskId, estimatedHours, investedHours, remainingHours, endDate, startDate, taskDescription, taskName, taskSize, taskState, taskType, assignedUser_userName, phase_phaseId, project_projectId) VALUES (4, 10, 2, 8, NOW(), NOW(), 'Revision', 'Revision 1', 100, 1, 1, 'ecampos', 4, 1);
INSERT INTO task (taskId, estimatedHours, investedHours, remainingHours, endDate, startDate, taskDescription, taskName, taskSize, taskState, taskType, assignedUser_userName, phase_phaseId, project_projectId) VALUES (5, 15, 7, 8, NOW(), NOW(), 'Prueba', 'Prueba 1', 100, 1, 5, 'mrangel', 5, 1);
INSERT INTO task (taskId, estimatedHours, investedHours, remainingHours, endDate, startDate, taskDescription, taskName, taskSize, taskState, taskType, assignedUser_userName, phase_phaseId, project_projectId) VALUES (6, 10, 12, 0, NOW(), NOW(), 'Mantenimiento', 'Mantenimiento 1', 100, 2, 0, 'hgarcia', 6, 1);
INSERT INTO task (taskId, estimatedHours, investedHours, remainingHours, endDate, startDate, taskDescription, taskName, taskSize, taskState, taskType, assignedUser_userName, phase_phaseId, project_projectId) VALUES (7, 10, 12, 2, NOW(), NOW(), 'Codificacion', 'Codificacion 3', 200, 1, 0, 'ecampos', 3, 1);
INSERT INTO task (taskId, estimatedHours, investedHours, remainingHours, endDate, startDate, taskDescription, taskName, taskSize, taskState, taskType, assignedUser_userName, phase_phaseId, project_projectId) VALUES (8, 10, 12, 3, NOW(), NOW(), 'Codificacion', 'Codificacion 4', 300, 1, 0, 'mrangel', 3, 1);
INSERT INTO task (taskId, estimatedHours, investedHours, remainingHours, endDate, startDate, taskDescription, taskName, taskSize, taskState, taskType, assignedUser_userName, phase_phaseId, project_projectId) VALUES (9, 10, 12, 0, NOW(), NOW(), 'Revision', 'Revision 2', 100, 2, 3, 'hgarcia', 4, 1);
INSERT INTO task (taskId, estimatedHours, investedHours, remainingHours, endDate, startDate, taskDescription, taskName, taskSize, taskState, taskType, assignedUser_userName, phase_phaseId, project_projectId) VALUES (10, 10, 12, 0, NOW(), NOW(), 'Revision', 'Revision 3', 100, 2, 4, 'ecampos', 4, 1);
INSERT INTO task (taskId, estimatedHours, investedHours, remainingHours, endDate, startDate, taskDescription, taskName, taskSize, taskState, taskType, assignedUser_userName, phase_phaseId, project_projectId) VALUES (11, 10, 9, 1, NOW(), NOW(), 'Prueba', 'Prueba 2', 150, 1, 5, 'mrangel', 5, 1);
INSERT INTO task (taskId, estimatedHours, investedHours, remainingHours, endDate, startDate, taskDescription, taskName, taskSize, taskState, taskType, assignedUser_userName, phase_phaseId, project_projectId) VALUES (12, 10, 8, 2, NOW(), NOW(), 'Prueba', 'Prueba 3', 160, 1, 5, 'hgarcia', 5, 1);

INSERT INTO defecttype (defectTypeId, defectTypeDescription, defectTypeName) VALUES (1, 'INTERFACE', 'INTERFACE');
INSERT INTO defectType (defectTypeId, defectTypeDescription, defectTypeName) VALUES (2, 'DATA', 'DATA');
INSERT INTO defectType (defectTypeId, defectTypeDescription, defectTypeName) VALUES (3, 'IO', 'IO');
INSERT INTO defectType (defectTypeId, defectTypeDescription, defectTypeName) VALUES (4, 'PERFORMANCE', 'PERFORMANCE');
INSERT INTO defectType (defectTypeId, defectTypeDescription, defectTypeName) VALUES (5, 'FUNCTIONALITY', 'FUNCTIONALITY');
INSERT INTO defectType (defectTypeId, defectTypeDescription, defectTypeName) VALUES (6, 'DOCUMENTATION', 'DOCUMENTATION');
INSERT INTO defectType (defectTypeId, defectTypeDescription, defectTypeName) VALUES (7, 'SYNTAX', 'SYNTAX');

INSERT INTO defect (defectId, age, closeDate, defectDescription, defectName, defectState, defectTrigger, impact, investedHours, openDate, qualifier, reference, source, assignedUser_userName, defectType_defectTypeId, detectionPhase_phaseId, detectionTask_taskId, inyectionPhase_phaseId, inyectionTask_taskId, project_projectId, remotionPhase_phaseId, remotionTask_taskId) VALUES (1, NULL, NULL, 'defect 1', 'defect 1', 1, NULL, NULL, 0, NOW(), NULL, NULL, NULL, 'ecampos', 1, 4, 4, 3, 3, 1, 4, 4);
INSERT INTO defect (defectId, age, closeDate, defectDescription, defectName, defectState, defectTrigger, impact, investedHours, openDate, qualifier, reference, source, assignedUser_userName, defectType_defectTypeId, detectionPhase_phaseId, detectionTask_taskId, inyectionPhase_phaseId, inyectionTask_taskId, project_projectId, remotionPhase_phaseId, remotionTask_taskId) VALUES (2, NULL, NULL, 'defect 2', 'defect 2', 2, NULL, NULL, 1, NOW(), NULL, NULL, NULL, 'mrangel', 1, 5, 5, 3, 2, 1, 5, 5);
INSERT INTO defect (defectId, age, closeDate, defectDescription, defectName, defectState, defectTrigger, impact, investedHours, openDate, qualifier, reference, source, assignedUser_userName, defectType_defectTypeId, detectionPhase_phaseId, detectionTask_taskId, inyectionPhase_phaseId, inyectionTask_taskId, project_projectId, remotionPhase_phaseId, remotionTask_taskId) VALUES (3, NULL, NULL, 'defect 3', 'defect 3', 1, NULL, NULL, 2, NOW(), NULL, NULL, NULL, 'hgarcia', 2, 6, 6, 1, 1, 1, 6, 6);
INSERT INTO defect (defectId, age, closeDate, defectDescription, defectName, defectState, defectTrigger, impact, investedHours, openDate, qualifier, reference, source, assignedUser_userName, defectType_defectTypeId, detectionPhase_phaseId, detectionTask_taskId, inyectionPhase_phaseId, inyectionTask_taskId, project_projectId, remotionPhase_phaseId, remotionTask_taskId) VALUES (4, NULL, NULL, 'defect 4', 'defect 4', 2, NULL, NULL, 3, NOW(), NULL, NULL, NULL, 'ecampos', 2, 4, 4, 3, 3, 1, 4, 4);
INSERT INTO defect (defectId, age, closeDate, defectDescription, defectName, defectState, defectTrigger, impact, investedHours, openDate, qualifier, reference, source, assignedUser_userName, defectType_defectTypeId, detectionPhase_phaseId, detectionTask_taskId, inyectionPhase_phaseId, inyectionTask_taskId, project_projectId, remotionPhase_phaseId, remotionTask_taskId) VALUES (5, NULL, NULL, 'defect 5', 'defect 5', 0, NULL, NULL, 4, NOW(), NULL, NULL, NULL, 'mrangel', 3, 5, 5, 3, 2, 1, 5, 5);
INSERT INTO defect (defectId, age, closeDate, defectDescription, defectName, defectState, defectTrigger, impact, investedHours, openDate, qualifier, reference, source, assignedUser_userName, defectType_defectTypeId, detectionPhase_phaseId, detectionTask_taskId, inyectionPhase_phaseId, inyectionTask_taskId, project_projectId, remotionPhase_phaseId, remotionTask_taskId) VALUES (6, NULL, NULL, 'defect 6', 'defect 6', 1, NULL, NULL, 5, NOW(), NULL, NULL, NULL, 'hgarcia', 3, 6, 6, 1, 1, 1, 6, 6);
INSERT INTO defect (defectId, age, closeDate, defectDescription, defectName, defectState, defectTrigger, impact, investedHours, openDate, qualifier, reference, source, assignedUser_userName, defectType_defectTypeId, detectionPhase_phaseId, detectionTask_taskId, inyectionPhase_phaseId, inyectionTask_taskId, project_projectId, remotionPhase_phaseId, remotionTask_taskId) VALUES (7, NULL, NULL, 'defect 7', 'defect 7', 1, NULL, NULL, 6, NOW(), NULL, NULL, NULL, 'ecampos', 4, 4, 4, 3, 3, 1, 4, 4);
INSERT INTO defect (defectId, age, closeDate, defectDescription, defectName, defectState, defectTrigger, impact, investedHours, openDate, qualifier, reference, source, assignedUser_userName, defectType_defectTypeId, detectionPhase_phaseId, detectionTask_taskId, inyectionPhase_phaseId, inyectionTask_taskId, project_projectId, remotionPhase_phaseId, remotionTask_taskId) VALUES (8, NULL, NULL, 'defect 8', 'defect 8', 2, NULL, NULL, 7, NOW(), NULL, NULL, NULL, 'mrangel', 4, 5, 5, 3, 2, 1, 5, 5);
INSERT INTO defect (defectId, age, closeDate, defectDescription, defectName, defectState, defectTrigger, impact, investedHours, openDate, qualifier, reference, source, assignedUser_userName, defectType_defectTypeId, detectionPhase_phaseId, detectionTask_taskId, inyectionPhase_phaseId, inyectionTask_taskId, project_projectId, remotionPhase_phaseId, remotionTask_taskId) VALUES (9, NULL, NULL, 'defect 9', 'defect 9', 2, NULL, NULL, 8, NOW(), NULL, NULL, NULL, 'hgarcia', 5, 6, 6, 1, 1, 1, 6, 6);
INSERT INTO defect (defectId, age, closeDate, defectDescription, defectName, defectState, defectTrigger, impact, investedHours, openDate, qualifier, reference, source, assignedUser_userName, defectType_defectTypeId, detectionPhase_phaseId, detectionTask_taskId, inyectionPhase_phaseId, inyectionTask_taskId, project_projectId, remotionPhase_phaseId, remotionTask_taskId) VALUES (10, NULL, NULL, 'defect 10', 'defect 10', 1, NULL, NULL, 9, NOW(), NULL, NULL, NULL, 'ecampos', 5, 4, 4, 3, 3, 1, 4, 4);